,TAIR10,ce10,dm6,ecoli,hg38,rice,yeast,zm4
Total genome size,119146348,100286070,137547960,4639211,3088269832,373245519,12157105,2106338117
Number of chromosomes,5,7,7,1,24,12,17,10
Largest chromosome size,30427671,20924149,32079331,4639211,248956422,43270923,1531933,307041717
Largest chromosome name,Chr1,chrV,chr3R,Ecoli,chr1,Chr1,chrIV,1
Smallest chromosome size,18585056,13794,1348131,4639211,46709983,23012720,85779,150982314
Smallest chromosome name,Chr4,chrM,chr4,Ecoli,chr21,Chr9,chrM,10
Mean chromosome length,23829269.6,14326581.42857143,19649708.57142857,4639211.0,128677909.66666667,31103793.25,715123.8235294118,210633811.7
